<?xml version="1.0" encoding="UTF-8"?>

<!--
  ~ JBoss, Home of Professional Open Source.
  ~ Copyright 2010, Red Hat, Inc., and individual contributors
  ~ as indicated by the @author tags. See the copyright.txt file in the
  ~ distribution for a full listing of individual contributors.
  ~
  ~ This is free software; you can redistribute it and/or modify it
  ~ under the terms of the GNU Lesser General Public License as
  ~ published by the Free Software Foundation; either version 2.1 of
  ~ the License, or (at your option) any later version.
  ~
  ~ This software is distributed in the hope that it will be useful,
  ~ but WITHOUT ANY WARRANTY; without even the implied warranty of
  ~ MERCHANTABILITY or FITNESS FOR A PARTICULAR PURPOSE. See the GNU
  ~ Lesser General Public License for more details.
  ~
  ~ You should have received a copy of the GNU Lesser General Public
  ~ License along with this software; if not, write to the Free
  ~ Software Foundation, Inc., 51 Franklin St, Fifth Floor, Boston, MA
  ~ 02110-1301 USA, or see the FSF site: http://www.fsf.org.
  -->

<module xmlns="urn:jboss:module:1.0" name="org.jboss.osgi.framework">

    <resources>
        <resource-root path="jbosgi-framework-core-1.0.0.Alpha12.jar"/>
    </resources>

    <dependencies>
        <module name="org.jboss.logging" export="true"/>
        <module name="org.jboss.msc" export="true"/>
        <module name="org.jboss.osgi.deployment" export="true"/>
        <module name="org.jboss.osgi.spi" export="true"/>
        <module name="org.jboss.osgi.resolver" export="true"/>
        <module name="org.jboss.osgi.vfs" export="true"/>
        <module name="org.jboss.vfs" export="true"/>
        <module name="org.osgi.core" export="true"/>
        <module name="org.osgi.util" export="true">
            <exports>
                <!-- [TODO] Move this to org.osgi.util when the build supports it -->
                <include path="org/osgi/util/tracker"/>
                <exclude path="**"/>
            </exports>
        </module>
        <module name="system" export="true"/>
    </dependencies>
</module>
