<?xml version="1.0" encoding="UTF-8"?>

<!--
  ~ JBoss, Home of Professional Open Source.
  ~ Copyright 2010, Red Hat, Inc., and individual contributors
  ~ as indicated by the @author tags. See the copyright.txt file in the
  ~ distribution for a full listing of individual contributors.
  ~
  ~ This is free software; you can redistribute it and/or modify it
  ~ under the terms of the GNU Lesser General Public License as
  ~ published by the Free Software Foundation; either version 2.1 of
  ~ the License, or (at your option) any later version.
  ~
  ~ This software is distributed in the hope that it will be useful,
  ~ but WITHOUT ANY WARRANTY; without even the implied warranty of
  ~ MERCHANTABILITY or FITNESS FOR A PARTICULAR PURPOSE. See the GNU
  ~ Lesser General Public License for more details.
  ~
  ~ You should have received a copy of the GNU Lesser General Public
  ~ License along with this software; if not, write to the Free
  ~ Software Foundation, Inc., 51 Franklin St, Fifth Floor, Boston, MA
  ~ 02110-1301 USA, or see the FSF site: http://www.fsf.org.
  -->

<module xmlns="urn:jboss:module:1.0" name="org.jboss.as.web">

    <resources>
        <resource-root path="jboss-as-web-7.0.0.Alpha1.jar"/>
        <resource-root path="jasper-jdt-3.0.0-beta-7.jar"/>
        <resource-root path="jbossweb-3.0.0-beta-7.jar"/>
        <resource-root path="jboss-metadata-war-2.0.0.Alpha14.jar"/>
        <resource-root path="jboss-metadata-common-2.0.0.Alpha17.jar"/>
        <resource-root path="jboss-mdr-2.0.0.GA.jar"/>
    </resources>

    <dependencies>
        <module name="javax.annotation.api"/>
        <module name="javax.servlet.api"/>
        <module name="javax.servlet.jsp.api"/>
        <module name="org.jboss.jandex"/>
        <module name="org.jboss.staxmapper"/>
        <module name="org.jboss.as.domain"/>
        <module name="org.jboss.as.managed-beans"/>
        <module name="org.jboss.threads"/>
        <module name="org.jboss.msc"/>
        <module name="org.jboss.vfs"/>
        <module name="org.jboss.logging"/>
        <module name="org.jboss.common-core" />
        <module name="system" />
    </dependencies>
</module>
