<?xml version="1.0" encoding="UTF-8"?>

<!--
  ~ JBoss, Home of Professional Open Source.
  ~ Copyright 2010, Red Hat, Inc., and individual contributors
  ~ as indicated by the @author tags. See the copyright.txt file in the
  ~ distribution for a full listing of individual contributors.
  ~
  ~ This is free software; you can redistribute it and/or modify it
  ~ under the terms of the GNU Lesser General Public License as
  ~ published by the Free Software Foundation; either version 2.1 of
  ~ the License, or (at your option) any later version.
  ~
  ~ This software is distributed in the hope that it will be useful,
  ~ but WITHOUT ANY WARRANTY; without even the implied warranty of
  ~ MERCHANTABILITY or FITNESS FOR A PARTICULAR PURPOSE. See the GNU
  ~ Lesser General Public License for more details.
  ~
  ~ You should have received a copy of the GNU Lesser General Public
  ~ License along with this software; if not, write to the Free
  ~ Software Foundation, Inc., 51 Franklin St, Fifth Floor, Boston, MA
  ~ 02110-1301 USA, or see the FSF site: http://www.fsf.org.
  -->

<module xmlns="urn:jboss:module:1.0" name="org.jboss.as.aggregate">

    <resources>
    </resources>

    <dependencies>
        <module name="org.jboss.as.connector" />
        <module name="org.jboss.as.domain" />
        <module name="org.jboss.as.domain-client" />
        <module name="org.jboss.as.jmx" />
        <module name="org.jboss.as.logging" />
        <module name="org.jboss.as.managed-beans" />
        <module name="org.jboss.as.messaging" />
        <module name="org.jboss.as.naming" />
        <module name="org.jboss.as.osgi" />
        <module name="org.jboss.as.remoting" />
        <module name="org.jboss.as.sar" />
        <module name="org.jboss.as.standalone-client" />
        <module name="org.jboss.as.threads" />
        <module name="org.jboss.as.transactions" />
        <module name="org.jboss.as.web" />
    </dependencies>

</module>