<!-- This file contains license information for the dependencies of org.jboss.as:jboss-as-build:pom -->
<dependencies>
  <dependency>
    <groupId>com.h2database</groupId>
    <artifactId>h2</artifactId>
    <version>1.2.144</version>
    <licenses>
      <license>
        <name>The H2 License, Version 1.0</name>
        <url>http://h2database.com/html/license.html</url>
      </license>
    </licenses>
  </dependency>
  <dependency>
    <groupId>javassist</groupId>
    <artifactId>javassist</artifactId>
    <version>3.12.1.GA</version>
    <licenses>
      <license>
        <name>MPL 1.1</name>
        <url>http://www.mozilla.org/MPL/MPL-1.1.html</url>
      </license>
      <license>
        <name>LGPL 2.1</name>
        <url>http://www.gnu.org/licenses/lgpl-2.1.html</url>
      </license>
    </licenses>
  </dependency>
  <dependency>
    <groupId>javax.activation</groupId>
    <artifactId>activation</artifactId>
    <version>1.1.1</version>
    <!-- No license information found -->
  </dependency>
  <dependency>
    <groupId>javax.enterprise</groupId>
    <artifactId>cdi-api</artifactId>
    <version>1.0-SP1</version>
    <licenses>
      <license>
        <name>Apache License, Version 2.0</name>
        <url>http://www.apache.org/licenses/LICENSE-2.0.html</url>
      </license>
    </licenses>
  </dependency>
  <dependency>
    <groupId>javax.inject</groupId>
    <artifactId>javax.inject</artifactId>
    <version>1</version>
    <licenses>
      <license>
        <name>The Apache Software License, Version 2.0</name>
        <url>http://www.apache.org/licenses/LICENSE-2.0.txt</url>
      </license>
    </licenses>
  </dependency>
  <dependency>
    <groupId>javax.faces</groupId>
    <artifactId>jsf-api</artifactId>
    <version>2.0.2-FCS</version>
    <!-- No license information found -->
  </dependency>
  <dependency>
    <groupId>javax.jws</groupId>
    <artifactId>jsr181-api</artifactId>
    <version>1.0-MR1</version>
    <!-- No license information found -->
  </dependency>
  <dependency>
    <groupId>javax.mail</groupId>
    <artifactId>mail</artifactId>
    <version>1.4.2</version>
    <licenses>
      <license>
        <name>CDDL</name>
        <url>http://www.sun.com/cddl</url>
      </license>
      <license>
        <name>GPLv2+CE</name>
        <url>https://glassfish.dev.java.net/public/CDDL+GPL.html</url>
      </license>
    </licenses>
  </dependency>
  <dependency>
    <groupId>javax.validation</groupId>
    <artifactId>validation-api</artifactId>
    <version>1.0.0.GA</version>
    <licenses>
      <license>
        <name>Apache License, Version 2.0</name>
        <url>license.txt</url>
      </license>
    </licenses>
  </dependency>
  <dependency>
    <groupId>javax.ws.rs</groupId>
    <artifactId>jsr311-api</artifactId>
    <version>1.0</version>
    <licenses>
      <license>
        <name>CDDL License</name>
        <url>http://www.opensource.org/licenses/cddl1.php</url>
      </license>
    </licenses>
  </dependency>
  <dependency>
    <groupId>javax.xml</groupId>
    <artifactId>jaxrpc-api</artifactId>
    <version>1.1</version>
    <!-- No license information found -->
  </dependency>
  <dependency>
    <groupId>log4j</groupId>
    <artifactId>log4j</artifactId>
    <version>1.2.16</version>
    <licenses>
      <license>
        <name>The Apache Software License, Version 2.0</name>
        <url>http://www.apache.org/licenses/LICENSE-2.0.txt</url>
      </license>
    </licenses>
  </dependency>
  <dependency>
    <groupId>org.apache.aries.jmx</groupId>
    <artifactId>org.apache.aries.jmx</artifactId>
    <version>0.1-incubating</version>
    <licenses>
      <license>
        <name>The Apache Software License, Version 2.0</name>
        <url>http://www.apache.org/licenses/LICENSE-2.0.txt</url>
      </license>
    </licenses>
  </dependency>
  <dependency>
    <groupId>org.apache.aries</groupId>
    <artifactId>org.apache.aries.util</artifactId>
    <version>0.1-incubating</version>
    <licenses>
      <license>
        <name>The Apache Software License, Version 2.0</name>
        <url>http://www.apache.org/licenses/LICENSE-2.0.txt</url>
      </license>
    </licenses>
  </dependency>
  <dependency>
    <groupId>org.jboss</groupId>
    <artifactId>jboss-common-core</artifactId>
    <version>2.2.17.GA</version>
    <licenses>
      <license>
        <name>lgpl</name>
        <url>http://repository.jboss.org/licenses/lgpl-2.1.txt</url>
      </license>
    </licenses>
  </dependency>
  <dependency>
    <groupId>org.jboss</groupId>
    <artifactId>jandex</artifactId>
    <version>1.0.0.Beta2</version>
    <licenses>
      <license>
        <name>lgpl</name>
        <url>http://repository.jboss.org/licenses/lgpl-2.1.txt</url>
      </license>
    </licenses>
  </dependency>
  <dependency>
    <groupId>org.jboss</groupId>
    <artifactId>staxmapper</artifactId>
    <version>1.0.0.Beta2</version>
    <!-- No license information found -->
  </dependency>
  <dependency>
    <groupId>org.jboss.arquillian.protocol</groupId>
    <artifactId>arquillian-osgi-bundle</artifactId>
    <version>1.0.0.Alpha4.SP3</version>
    <licenses>
      <license>
        <name>Apache License, Version 2.0</name>
        <url>http://www.apache.org/licenses/LICENSE-2.0.txt</url>
      </license>
    </licenses>
  </dependency>
  <dependency>
    <groupId>org.jboss.logging</groupId>
    <artifactId>jboss-logging</artifactId>
    <version>3.0.0.Beta3</version>
    <!-- No license information found -->
  </dependency>
  <dependency>
    <groupId>org.jboss.as</groupId>
    <artifactId>jboss-as-connector</artifactId>
    <version>7.0.0.Alpha1</version>
    <licenses>
      <license>
        <name>lgpl</name>
        <url>http://repository.jboss.org/licenses/lgpl-2.1.txt</url>
      </license>
    </licenses>
  </dependency>
  <dependency>
    <groupId>org.jboss.as</groupId>
    <artifactId>jboss-as-domain</artifactId>
    <version>7.0.0.Alpha1</version>
    <licenses>
      <license>
        <name>lgpl</name>
        <url>http://repository.jboss.org/licenses/lgpl-2.1.txt</url>
      </license>
    </licenses>
  </dependency>
  <dependency>
    <groupId>org.jboss.spec.javax.annotation</groupId>
    <artifactId>jboss-annotations-api_1.1_spec</artifactId>
    <version>1.0.0.Beta2</version>
    <licenses>
      <license>
        <name>lgpl</name>
        <url>http://repository.jboss.org/licenses/lgpl-2.1.txt</url>
      </license>
    </licenses>
  </dependency>
  <dependency>
    <groupId>org.jboss.spec.javax.interceptor</groupId>
    <artifactId>jboss-interceptors-api_1.1_spec</artifactId>
    <version>1.0.0.Beta1</version>
    <licenses>
      <license>
        <name>lgpl</name>
        <url>http://repository.jboss.org/licenses/lgpl-2.1.txt</url>
      </license>
    </licenses>
  </dependency>
  <dependency>
    <groupId>org.jboss.marshalling</groupId>
    <artifactId>jboss-marshalling</artifactId>
    <version>1.3.0.CR8</version>
    <licenses>
      <license>
        <name>lgpl</name>
        <url>http://repository.jboss.org/licenses/lgpl-2.1.txt</url>
      </license>
    </licenses>
  </dependency>
  <dependency>
    <groupId>org.jboss.modules</groupId>
    <artifactId>jboss-modules</artifactId>
    <version>1.0.0.Beta11</version>
    <licenses>
      <license>
        <name>lgpl</name>
        <url>http://repository.jboss.org/licenses/lgpl-2.1.txt</url>
      </license>
    </licenses>
  </dependency>
  <dependency>
    <groupId>org.jboss.msc</groupId>
    <artifactId>jboss-msc</artifactId>
    <version>1.0.0.Beta4</version>
    <licenses>
      <license>
        <name>lgpl</name>
        <url>http://repository.jboss.org/licenses/lgpl-2.1.txt</url>
      </license>
    </licenses>
  </dependency>
  <dependency>
    <groupId>org.jboss.as</groupId>
    <artifactId>jboss-as-build-config</artifactId>
    <version>7.0.0.Alpha1</version>
    <licenses>
      <license>
        <name>lgpl</name>
        <url>http://repository.jboss.org/licenses/lgpl-2.1.txt</url>
      </license>
    </licenses>
  </dependency>
  <dependency>
    <groupId>org.jboss.as</groupId>
    <artifactId>jboss-as-naming</artifactId>
    <version>7.0.0.Alpha1</version>
    <licenses>
      <license>
        <name>lgpl</name>
        <url>http://repository.jboss.org/licenses/lgpl-2.1.txt</url>
      </license>
    </licenses>
  </dependency>
  <dependency>
    <groupId>org.jboss.as</groupId>
    <artifactId>jboss-as-transactions</artifactId>
    <version>7.0.0.Alpha1</version>
    <licenses>
      <license>
        <name>lgpl</name>
        <url>http://repository.jboss.org/licenses/lgpl-2.1.txt</url>
      </license>
    </licenses>
  </dependency>
  <dependency>
    <groupId>org.jboss.integration</groupId>
    <artifactId>jboss-transaction-spi</artifactId>
    <version>6.0.0.CR1</version>
    <licenses>
      <license>
        <name>lgpl</name>
        <url>http://repository.jboss.org/licenses/lgpl-2.1.txt</url>
      </license>
    </licenses>
  </dependency>
  <dependency>
    <groupId>org.jboss.jbossts</groupId>
    <artifactId>jbossjts</artifactId>
    <version>4.11.0.Final</version>
    <licenses>
      <license>
        <name>LGPL 2.1</name>
        <url>http://www.gnu.org/licenses/lgpl-2.1.html</url>
      </license>
    </licenses>
  </dependency>
  <dependency>
    <groupId>org.jboss.jbossts</groupId>
    <artifactId>jbossjts-integration</artifactId>
    <version>4.11.0.Final</version>
    <licenses>
      <license>
        <name>LGPL 2.1</name>
        <url>http://www.gnu.org/licenses/lgpl-2.1.html</url>
      </license>
    </licenses>
  </dependency>
  <dependency>
    <groupId>org.jboss.spec.javax.transaction</groupId>
    <artifactId>jboss-transaction-api_1.1_spec</artifactId>
    <version>1.0.0.Beta1</version>
    <licenses>
      <license>
        <name>lgpl</name>
        <url>http://repository.jboss.org/licenses/lgpl-2.1.txt</url>
      </license>
    </licenses>
  </dependency>
  <dependency>
    <groupId>org.jboss.ironjacamar</groupId>
    <artifactId>ironjacamar-spec-api</artifactId>
    <version>1.0.0.Beta3</version>
    <licenses>
      <license>
        <name>lgpl</name>
        <url>http://repository.jboss.org/licenses/lgpl.txt</url>
      </license>
    </licenses>
  </dependency>
  <dependency>
    <groupId>org.jboss.as</groupId>
    <artifactId>jboss-as-threads</artifactId>
    <version>7.0.0.Alpha1</version>
    <licenses>
      <license>
        <name>lgpl</name>
        <url>http://repository.jboss.org/licenses/lgpl-2.1.txt</url>
      </license>
    </licenses>
  </dependency>
  <dependency>
    <groupId>org.jboss.threads</groupId>
    <artifactId>jboss-threads</artifactId>
    <version>2.0.0.CR6</version>
    <licenses>
      <license>
        <name>lgpl</name>
        <url>http://repository.jboss.org/licenses/lgpl-2.1.txt</url>
      </license>
    </licenses>
  </dependency>
  <dependency>
    <groupId>org.jboss.ironjacamar</groupId>
    <artifactId>ironjacamar-core-spi</artifactId>
    <version>1.0.0.Beta3</version>
    <licenses>
      <license>
        <name>lgpl</name>
        <url>http://repository.jboss.org/licenses/lgpl.txt</url>
      </license>
    </licenses>
  </dependency>
  <dependency>
    <groupId>org.jboss.ironjacamar</groupId>
    <artifactId>ironjacamar-core-api</artifactId>
    <version>1.0.0.Beta3</version>
    <licenses>
      <license>
        <name>lgpl</name>
        <url>http://repository.jboss.org/licenses/lgpl.txt</url>
      </license>
    </licenses>
  </dependency>
  <dependency>
    <groupId>org.jboss.ironjacamar</groupId>
    <artifactId>ironjacamar-core-impl</artifactId>
    <version>1.0.0.Beta3</version>
    <licenses>
      <license>
        <name>lgpl</name>
        <url>http://repository.jboss.org/licenses/lgpl.txt</url>
      </license>
    </licenses>
  </dependency>
  <dependency>
    <groupId>org.jboss.ironjacamar</groupId>
    <artifactId>ironjacamar-common-impl</artifactId>
    <version>1.0.0.Beta3</version>
    <licenses>
      <license>
        <name>lgpl</name>
        <url>http://repository.jboss.org/licenses/lgpl.txt</url>
      </license>
    </licenses>
  </dependency>
  <dependency>
    <groupId>org.jboss.ironjacamar</groupId>
    <artifactId>ironjacamar-common-api</artifactId>
    <version>1.0.0.Beta3</version>
    <licenses>
      <license>
        <name>lgpl</name>
        <url>http://repository.jboss.org/licenses/lgpl.txt</url>
      </license>
    </licenses>
  </dependency>
  <dependency>
    <groupId>org.jboss.ironjacamar</groupId>
    <artifactId>ironjacamar-common-spi</artifactId>
    <version>1.0.0.Beta3</version>
    <licenses>
      <license>
        <name>lgpl</name>
        <url>http://repository.jboss.org/licenses/lgpl.txt</url>
      </license>
    </licenses>
  </dependency>
  <dependency>
    <groupId>org.jboss.ironjacamar</groupId>
    <artifactId>ironjacamar-deployers-common</artifactId>
    <version>1.0.0.Beta3</version>
    <licenses>
      <license>
        <name>lgpl</name>
        <url>http://repository.jboss.org/licenses/lgpl.txt</url>
      </license>
    </licenses>
  </dependency>
  <dependency>
    <groupId>org.jboss.ironjacamar</groupId>
    <artifactId>ironjacamar-validator</artifactId>
    <version>1.0.0.Beta3</version>
    <licenses>
      <license>
        <name>lgpl</name>
        <url>http://repository.jboss.org/licenses/lgpl.txt</url>
      </license>
    </licenses>
  </dependency>
  <dependency>
    <groupId>org.jboss.as</groupId>
    <artifactId>jboss-as-domain-client</artifactId>
    <version>7.0.0.Alpha1</version>
    <licenses>
      <license>
        <name>lgpl</name>
        <url>http://repository.jboss.org/licenses/lgpl-2.1.txt</url>
      </license>
    </licenses>
  </dependency>
  <dependency>
    <groupId>org.jboss.as</groupId>
    <artifactId>jboss-as-protocol</artifactId>
    <version>7.0.0.Alpha1</version>
    <licenses>
      <license>
        <name>lgpl</name>
        <url>http://repository.jboss.org/licenses/lgpl-2.1.txt</url>
      </license>
    </licenses>
  </dependency>
  <dependency>
    <groupId>org.jboss.logmanager</groupId>
    <artifactId>jboss-logmanager</artifactId>
    <version>1.2.0.CR7</version>
    <licenses>
      <license>
        <name>lgpl</name>
        <url>http://repository.jboss.org/licenses/lgpl-2.1.txt</url>
      </license>
    </licenses>
  </dependency>
  <dependency>
    <groupId>org.jboss.as</groupId>
    <artifactId>jboss-as-domain-controller</artifactId>
    <version>7.0.0.Alpha1</version>
    <licenses>
      <license>
        <name>lgpl</name>
        <url>http://repository.jboss.org/licenses/lgpl-2.1.txt</url>
      </license>
    </licenses>
  </dependency>
  <dependency>
    <groupId>org.jboss.as</groupId>
    <artifactId>jboss-as-process-manager</artifactId>
    <version>7.0.0.Alpha1</version>
    <licenses>
      <license>
        <name>lgpl</name>
        <url>http://repository.jboss.org/licenses/lgpl-2.1.txt</url>
      </license>
    </licenses>
  </dependency>
  <dependency>
    <groupId>org.jboss.stdio</groupId>
    <artifactId>jboss-stdio</artifactId>
    <version>1.0.0.CR3</version>
    <!-- No license information found -->
  </dependency>
  <dependency>
    <groupId>org.jboss.as</groupId>
    <artifactId>jboss-as-jmx</artifactId>
    <version>7.0.0.Alpha1</version>
    <licenses>
      <license>
        <name>lgpl</name>
        <url>http://repository.jboss.org/licenses/lgpl-2.1.txt</url>
      </license>
    </licenses>
  </dependency>
  <dependency>
    <groupId>org.jboss.as</groupId>
    <artifactId>jboss-as-logging</artifactId>
    <version>7.0.0.Alpha1</version>
    <licenses>
      <license>
        <name>lgpl</name>
        <url>http://repository.jboss.org/licenses/lgpl-2.1.txt</url>
      </license>
    </licenses>
  </dependency>
  <dependency>
    <groupId>org.jboss.as</groupId>
    <artifactId>jboss-as-managed-beans</artifactId>
    <version>7.0.0.Alpha1</version>
    <licenses>
      <license>
        <name>lgpl</name>
        <url>http://repository.jboss.org/licenses/lgpl-2.1.txt</url>
      </license>
    </licenses>
  </dependency>
  <dependency>
    <groupId>org.jboss.as</groupId>
    <artifactId>jboss-as-messaging</artifactId>
    <version>7.0.0.Alpha1</version>
    <licenses>
      <license>
        <name>lgpl</name>
        <url>http://repository.jboss.org/licenses/lgpl-2.1.txt</url>
      </license>
    </licenses>
  </dependency>
  <dependency>
    <groupId>org.hornetq</groupId>
    <artifactId>hornetq-core</artifactId>
    <version>2.1.2.Final</version>
    <!-- No license information found -->
  </dependency>
  <dependency>
    <groupId>org.hornetq</groupId>
    <artifactId>hornetq-jms</artifactId>
    <version>2.1.2.Final</version>
    <!-- No license information found -->
  </dependency>
  <dependency>
    <groupId>org.jboss.as</groupId>
    <artifactId>jboss-as-osgi</artifactId>
    <version>7.0.0.Alpha1</version>
    <licenses>
      <license>
        <name>lgpl</name>
        <url>http://repository.jboss.org/licenses/lgpl-2.1.txt</url>
      </license>
    </licenses>
  </dependency>
  <dependency>
    <groupId>org.jboss.as</groupId>
    <artifactId>jboss-as-server</artifactId>
    <version>7.0.0.Alpha1</version>
    <licenses>
      <license>
        <name>lgpl</name>
        <url>http://repository.jboss.org/licenses/lgpl-2.1.txt</url>
      </license>
    </licenses>
  </dependency>
  <dependency>
    <groupId>org.jboss.logmanager</groupId>
    <artifactId>jboss-logmanager-log4j</artifactId>
    <version>1.0.0.CR3</version>
    <!-- No license information found -->
  </dependency>
  <dependency>
    <groupId>org.jboss.osgi.framework</groupId>
    <artifactId>jbosgi-framework-core</artifactId>
    <version>1.0.0.Alpha12</version>
    <licenses>
      <license>
        <name>lgpl</name>
        <url>http://repository.jboss.com/licenses/lgpl.txt</url>
      </license>
    </licenses>
  </dependency>
  <dependency>
    <groupId>org.jboss.as</groupId>
    <artifactId>jboss-as-remoting</artifactId>
    <version>7.0.0.Alpha1</version>
    <licenses>
      <license>
        <name>lgpl</name>
        <url>http://repository.jboss.org/licenses/lgpl-2.1.txt</url>
      </license>
    </licenses>
  </dependency>
  <dependency>
    <groupId>org.jboss.remoting3</groupId>
    <artifactId>jboss-remoting</artifactId>
    <version>3.1.0.Beta2</version>
    <licenses>
      <license>
        <name>LGPL 2.1</name>
        <url>http://www.gnu.org/licenses/lgpl-2.1.html</url>
      </license>
    </licenses>
  </dependency>
  <dependency>
    <groupId>org.jboss.xnio</groupId>
    <artifactId>xnio-api</artifactId>
    <version>2.1.0.CR2</version>
    <licenses>
      <license>
        <name>LGPL 2.1</name>
        <url>http://www.gnu.org/licenses/lgpl-2.1.html</url>
      </license>
    </licenses>
  </dependency>
  <dependency>
    <groupId>org.jboss.as</groupId>
    <artifactId>jboss-as-sar</artifactId>
    <version>7.0.0.Alpha1</version>
    <licenses>
      <license>
        <name>lgpl</name>
        <url>http://repository.jboss.org/licenses/lgpl-2.1.txt</url>
      </license>
    </licenses>
  </dependency>
  <dependency>
    <groupId>org.jboss.as</groupId>
    <artifactId>jboss-as-server-manager</artifactId>
    <version>7.0.0.Alpha1</version>
    <licenses>
      <license>
        <name>lgpl</name>
        <url>http://repository.jboss.org/licenses/lgpl-2.1.txt</url>
      </license>
    </licenses>
  </dependency>
  <dependency>
    <groupId>org.jboss.as</groupId>
    <artifactId>jboss-as-web</artifactId>
    <version>7.0.0.Alpha1</version>
    <licenses>
      <license>
        <name>lgpl</name>
        <url>http://repository.jboss.org/licenses/lgpl-2.1.txt</url>
      </license>
    </licenses>
  </dependency>
  <dependency>
    <groupId>org.jboss.spec.javax.servlet</groupId>
    <artifactId>jboss-servlet-api_3.0_spec</artifactId>
    <version>1.0.0.Beta2</version>
    <licenses>
      <license>
        <name>lgpl</name>
        <url>http://repository.jboss.org/licenses/lgpl-2.1.txt</url>
      </license>
    </licenses>
  </dependency>
  <dependency>
    <groupId>org.jboss.spec.javax.servlet.jsp</groupId>
    <artifactId>jboss-jsp-api_2.2_spec</artifactId>
    <version>1.0.0.Beta1</version>
    <licenses>
      <license>
        <name>lgpl</name>
        <url>http://repository.jboss.org/licenses/lgpl-2.1.txt</url>
      </license>
    </licenses>
  </dependency>
  <dependency>
    <groupId>org.jboss.spec.javax.el</groupId>
    <artifactId>jboss-el-api_2.2_spec</artifactId>
    <version>1.0.0.Beta2</version>
    <licenses>
      <license>
        <name>lgpl</name>
        <url>http://repository.jboss.org/licenses/lgpl-2.1.txt</url>
      </license>
    </licenses>
  </dependency>
  <dependency>
    <groupId>org.jboss.integration</groupId>
    <artifactId>jboss-jca-spi</artifactId>
    <version>6.0.0.CR1</version>
    <licenses>
      <license>
        <name>lgpl</name>
        <url>http://repository.jboss.org/licenses/lgpl-2.1.txt</url>
      </license>
    </licenses>
  </dependency>
  <dependency>
    <groupId>org.jboss.ironjacamar</groupId>
    <artifactId>jdbc-local</artifactId>
    <version>1.0.0.Beta3</version>
    <licenses>
      <license>
        <name>lgpl</name>
        <url>http://repository.jboss.org/licenses/lgpl.txt</url>
      </license>
    </licenses>
  </dependency>
  <dependency>
    <groupId>org.jboss.ironjacamar</groupId>
    <artifactId>jdbc-xa</artifactId>
    <version>1.0.0.Beta3</version>
    <licenses>
      <license>
        <name>lgpl</name>
        <url>http://repository.jboss.org/licenses/lgpl.txt</url>
      </license>
    </licenses>
  </dependency>
  <dependency>
    <groupId>org.jboss.marshalling</groupId>
    <artifactId>jboss-marshalling-river</artifactId>
    <version>1.3.0.CR8</version>
    <licenses>
      <license>
        <name>lgpl</name>
        <url>http://repository.jboss.org/licenses/lgpl-2.1.txt</url>
      </license>
    </licenses>
  </dependency>
  <dependency>
    <groupId>org.jboss.netty</groupId>
    <artifactId>netty</artifactId>
    <version>3.2.1.Final</version>
    <licenses>
      <license>
        <name>Apache License, Version 2.0</name>
        <url>http://www.apache.org/licenses/LICENSE-2.0</url>
      </license>
    </licenses>
  </dependency>
  <dependency>
    <groupId>org.jboss.osgi.common</groupId>
    <artifactId>jboss-osgi-common</artifactId>
    <version>1.0.6</version>
    <licenses>
      <license>
        <name>lgpl</name>
        <url>http://repository.jboss.com/licenses/lgpl.txt</url>
      </license>
    </licenses>
  </dependency>
  <dependency>
    <groupId>org.slf4j</groupId>
    <artifactId>slf4j-api</artifactId>
    <version>1.5.8</version>
    <!-- No license information found -->
  </dependency>
  <dependency>
    <groupId>org.slf4j</groupId>
    <artifactId>jcl-over-slf4j</artifactId>
    <version>1.5.8</version>
    <!-- No license information found -->
  </dependency>
  <dependency>
    <groupId>org.jboss.osgi.jmx</groupId>
    <artifactId>jboss-osgi-jmx</artifactId>
    <version>1.0.9</version>
    <licenses>
      <license>
        <name>lgpl</name>
        <url>http://repository.jboss.com/licenses/lgpl.txt</url>
      </license>
    </licenses>
  </dependency>
  <dependency>
    <groupId>org.jboss.osgi.resolver</groupId>
    <artifactId>jbosgi-resolver-felix</artifactId>
    <version>1.0.3</version>
    <licenses>
      <license>
        <name>lgpl</name>
        <url>http://repository.jboss.com/licenses/lgpl.txt</url>
      </license>
    </licenses>
  </dependency>
  <dependency>
    <groupId>org.jboss.osgi.vfs</groupId>
    <artifactId>jboss-osgi-vfs30</artifactId>
    <version>1.0.4</version>
    <licenses>
      <license>
        <name>lgpl</name>
        <url>http://repository.jboss.com/licenses/lgpl.txt</url>
      </license>
    </licenses>
  </dependency>
  <dependency>
    <groupId>org.jboss.slf4j</groupId>
    <artifactId>slf4j-jboss-logmanager</artifactId>
    <version>1.0.0.CR3</version>
    <licenses>
      <license>
        <name>lgpl</name>
        <url>http://repository.jboss.org/licenses/lgpl-2.1.txt</url>
      </license>
    </licenses>
  </dependency>
  <dependency>
    <groupId>org.jboss.spec.javax.ejb</groupId>
    <artifactId>jboss-ejb-api_3.1_spec</artifactId>
    <version>1.0.0.CR2</version>
    <licenses>
      <license>
        <name>lgpl</name>
        <url>http://repository.jboss.org/licenses/lgpl-2.1.txt</url>
      </license>
    </licenses>
  </dependency>
  <dependency>
    <groupId>org.jboss.spec.javax.enterprise.deploy</groupId>
    <artifactId>jboss-jad-api_1.2_spec</artifactId>
    <version>1.0.0.Beta1</version>
    <licenses>
      <license>
        <name>lgpl</name>
        <url>http://repository.jboss.org/licenses/lgpl-2.1.txt</url>
      </license>
    </licenses>
  </dependency>
  <dependency>
    <groupId>org.jboss.spec.javax.jms</groupId>
    <artifactId>jboss-jms-api_1.1_spec</artifactId>
    <version>1.0.0.Beta1</version>
    <licenses>
      <license>
        <name>lgpl</name>
        <url>http://repository.jboss.org/licenses/lgpl-2.1.txt</url>
      </license>
    </licenses>
  </dependency>
  <dependency>
    <groupId>org.jboss.spec.javax.security.auth.message</groupId>
    <artifactId>jboss-jaspi-api_1.0_spec</artifactId>
    <version>1.0.0.Beta1</version>
    <licenses>
      <license>
        <name>lgpl</name>
        <url>http://repository.jboss.org/licenses/lgpl-2.1.txt</url>
      </license>
    </licenses>
  </dependency>
  <dependency>
    <groupId>org.jboss.spec.javax.security.jacc</groupId>
    <artifactId>jboss-jacc-api_1.4_spec</artifactId>
    <version>1.0.0.Beta2</version>
    <licenses>
      <license>
        <name>lgpl</name>
        <url>http://repository.jboss.org/licenses/lgpl-2.1.txt</url>
      </license>
    </licenses>
  </dependency>
  <dependency>
    <groupId>org.jboss.spec.javax.xml.bind</groupId>
    <artifactId>jboss-jaxb-api_2.2_spec</artifactId>
    <version>1.0.0.Beta1</version>
    <licenses>
      <license>
        <name>lgpl</name>
        <url>http://repository.jboss.org/licenses/lgpl-2.1.txt</url>
      </license>
    </licenses>
  </dependency>
  <dependency>
    <groupId>org.jboss.spec.javax.xml.registry</groupId>
    <artifactId>jboss-jaxr-api_1.0_spec</artifactId>
    <version>1.0.0.Beta1</version>
    <licenses>
      <license>
        <name>lgpl</name>
        <url>http://repository.jboss.org/licenses/lgpl-2.1.txt</url>
      </license>
    </licenses>
  </dependency>
  <dependency>
    <groupId>org.jboss.spec.javax.xml.soap</groupId>
    <artifactId>jboss-saaj-api_1.3_spec</artifactId>
    <version>1.0.0.Beta1</version>
    <licenses>
      <license>
        <name>lgpl</name>
        <url>http://repository.jboss.org/licenses/lgpl-2.1.txt</url>
      </license>
    </licenses>
  </dependency>
  <dependency>
    <groupId>org.jboss.spec.javax.xml.ws</groupId>
    <artifactId>jboss-jaxws-api_2.2_spec</artifactId>
    <version>1.0.0.Beta1</version>
    <licenses>
      <license>
        <name>lgpl</name>
        <url>http://repository.jboss.org/licenses/lgpl-2.1.txt</url>
      </license>
    </licenses>
  </dependency>
  <dependency>
    <groupId>org.jboss.xnio</groupId>
    <artifactId>xnio-nio</artifactId>
    <version>2.1.0.CR2</version>
    <licenses>
      <license>
        <name>LGPL 2.1</name>
        <url>http://www.gnu.org/licenses/lgpl-2.1.html</url>
      </license>
    </licenses>
  </dependency>
  <dependency>
    <groupId>org.hibernate</groupId>
    <artifactId>hibernate-validator</artifactId>
    <version>4.1.0.Final</version>
    <licenses>
      <license>
        <name>Apache License, Version 2.0</name>
        <url>http://www.apache.org/licenses/LICENSE-2.0.txt</url>
      </license>
    </licenses>
  </dependency>
  <dependency>
    <groupId>org.picketbox</groupId>
    <artifactId>jboss-security-spi</artifactId>
    <version>4.0.0.Alpha1</version>
    <licenses>
      <license>
        <name>lgpl</name>
        <url>http://repository.jboss.com/licenses/lgpl.txt</url>
      </license>
    </licenses>
  </dependency>
  <dependency>
    <groupId>org.picketbox</groupId>
    <artifactId>jbosssx</artifactId>
    <version>4.0.0.Alpha1</version>
    <licenses>
      <license>
        <name>lgpl</name>
        <url>http://repository.jboss.com/licenses/lgpl.txt</url>
      </license>
    </licenses>
  </dependency>
  <dependency>
    <groupId>org.picketbox</groupId>
    <artifactId>picketbox-bare</artifactId>
    <version>4.0.0.Alpha1</version>
    <licenses>
      <license>
        <name>lgpl</name>
        <url>http://repository.jboss.org/licenses/lgpl-2.1.txt</url>
      </license>
    </licenses>
  </dependency>
</dependencies>
